{
  "ablation": "single_teacher_swint_only",
  "mAP50": 13.635816732702166,
  "per_class": {
    "pedestrian": 43.74689425599358,
    "person": 20.29496279989025,
    "car": 0.01375785103808212,
    "van": 19.91401900940268,
    "bus": 3.39401039397198,
    "truck": 29.94403638052532,
    "motor": 0.0,
    "bicycle": 0.043891156778897225,
    "awning-tricycle": 0.0,
    "tricycle": 19.006595479420866
  }
}