{
  "0.3": {
    "threshold": 0.3,
    "msr": 86.0,
    "violations_mean": 3.42,
    "rejection_rate": 5.489175065322882
  },
  "0.4": {
    "threshold": 0.4,
    "msr": 86.0,
    "violations_mean": 3.42,
    "rejection_rate": 5.489175065322882
  },
  "0.5": {
    "threshold": 0.5,
    "msr": 86.0,
    "violations_mean": 3.42,
    "rejection_rate": 5.489175065322882
  },
  "0.6": {
    "threshold": 0.6,
    "msr": 86.0,
    "violations_mean": 3.42,
    "rejection_rate": 5.489175065322882
  },
  "0.7": {
    "threshold": 0.7,
    "msr": 86.0,
    "violations_mean": 3.42,
    "rejection_rate": 5.489175065322882
  },
  "0.8": {
    "threshold": 0.8,
    "msr": 86.0,
    "violations_mean": 3.42,
    "rejection_rate": 5.489175065322882
  }
}